<?xml version="1.0" encoding="UTF-8"?>
<!DOCTYPE plist PUBLIC "-//Apple Computer//DTD PLIST 1.0//EN" "http://www.apple.com/DTDs/PropertyList-1.0.dtd">
<plist version="1.0">
<dict>
 <key>clang_version</key>
<string>clang version 8.0.1-3+b1 (tags/RELEASE_801/final)</string>
 <key>diagnostics</key>
 <array>
  <dict>
   <key>path</key>
   <array>
    <dict>
     <key>kind</key><string>control</string>
     <key>edges</key>
      <array>
       <dict>
        <key>start</key>
         <array>
          <dict>
           <key>line</key><integer>14</integer>
           <key>col</key><integer>3</integer>
           <key>file</key><integer>0</integer>
          </dict>
          <dict>
           <key>line</key><integer>14</integer>
           <key>col</key><integer>6</integer>
           <key>file</key><integer>0</integer>
          </dict>
         </array>
        <key>end</key>
         <array>
          <dict>
           <key>line</key><integer>16</integer>
           <key>col</key><integer>3</integer>
           <key>file</key><integer>0</integer>
          </dict>
          <dict>
           <key>line</key><integer>16</integer>
           <key>col</key><integer>6</integer>
           <key>file</key><integer>0</integer>
          </dict>
         </array>
       </dict>
      </array>
    </dict>
    <dict>
     <key>kind</key><string>event</string>
     <key>location</key>
     <dict>
      <key>line</key><integer>16</integer>
      <key>col</key><integer>3</integer>
      <key>file</key><integer>0</integer>
     </dict>
     <key>ranges</key>
     <array>
       <array>
        <dict>
         <key>line</key><integer>16</integer>
         <key>col</key><integer>3</integer>
         <key>file</key><integer>0</integer>
        </dict>
        <dict>
         <key>line</key><integer>16</integer>
         <key>col</key><integer>12</integer>
         <key>file</key><integer>0</integer>
        </dict>
       </array>
     </array>
     <key>depth</key><integer>0</integer>
     <key>extended_message</key>
     <string>&apos;bad&apos; initialized to a null pointer value</string>
     <key>message</key>
     <string>&apos;bad&apos; initialized to a null pointer value</string>
    </dict>
    <dict>
     <key>kind</key><string>control</string>
     <key>edges</key>
      <array>
       <dict>
        <key>start</key>
         <array>
          <dict>
           <key>line</key><integer>16</integer>
           <key>col</key><integer>3</integer>
           <key>file</key><integer>0</integer>
          </dict>
          <dict>
           <key>line</key><integer>16</integer>
           <key>col</key><integer>6</integer>
           <key>file</key><integer>0</integer>
          </dict>
         </array>
        <key>end</key>
         <array>
          <dict>
           <key>line</key><integer>17</integer>
           <key>col</key><integer>3</integer>
           <key>file</key><integer>0</integer>
          </dict>
          <dict>
           <key>line</key><integer>17</integer>
           <key>col</key><integer>5</integer>
           <key>file</key><integer>0</integer>
          </dict>
         </array>
       </dict>
      </array>
    </dict>
    <dict>
     <key>kind</key><string>event</string>
     <key>location</key>
     <dict>
      <key>line</key><integer>17</integer>
      <key>col</key><integer>3</integer>
      <key>file</key><integer>0</integer>
     </dict>
     <key>ranges</key>
     <array>
       <array>
        <dict>
         <key>line</key><integer>17</integer>
         <key>col</key><integer>3</integer>
         <key>file</key><integer>0</integer>
        </dict>
        <dict>
         <key>line</key><integer>17</integer>
         <key>col</key><integer>5</integer>
         <key>file</key><integer>0</integer>
        </dict>
       </array>
     </array>
     <key>depth</key><integer>0</integer>
     <key>extended_message</key>
     <string>Called function pointer is null (null dereference)</string>
     <key>message</key>
     <string>Called function pointer is null (null dereference)</string>
    </dict>
   </array>
   <key>description</key><string>Called function pointer is null (null dereference)</string>
   <key>category</key><string>Logic error</string>
   <key>type</key><string>Called function pointer is null (null dereference)</string>
   <key>check_name</key><string>core.CallAndMessage</string>
   <!-- This hash is experimental and going to change! -->
   <key>issue_hash_content_of_line_in_context</key><string>09b54ec9978b345db167bc51517a3715</string>
  <key>issue_context_kind</key><string>function</string>
  <key>issue_context</key><string>main</string>
  <key>issue_hash_function_offset</key><string>4</string>
  <key>location</key>
  <dict>
   <key>line</key><integer>17</integer>
   <key>col</key><integer>3</integer>
   <key>file</key><integer>0</integer>
  </dict>
  <key>ExecutedLines</key>
  <dict>
   <key>0</key>
   <array>
    <integer>5</integer>
    <integer>6</integer>
    <integer>13</integer>
    <integer>14</integer>
    <integer>15</integer>
    <integer>16</integer>
    <integer>17</integer>
   </array>
  </dict>
  </dict>
 </array>
 <key>files</key>
 <array>
  <string>stupid-null.c</string>
 </array>
</dict>
</plist>